{
  "abbreviation": {
    "precision": 1.0,
    "recall": 1.0,
    "f1-score": 1.0,
    "support": 33
  },
  "aircraft": {
    "precision": 0.6153846153846154,
    "recall": 0.8888888888888888,
    "f1-score": 0.7272727272727274,
    "support": 9
  },
  "airfare": {
    "precision": 0.8703703703703703,
    "recall": 0.9791666666666666,
    "f1-score": 0.9215686274509804,
    "support": 48
  },
  "airfare+flight": {
    "precision": 0.0,
    "recall": 0.0,
    "f1-score": 0.0,
    "support": 1
  },
  "airline": {
    "precision": 0.926829268292683,
    "recall": 1.0,
    "f1-score": 0.9620253164556963,
    "support": 38
  },
  "airport": {
    "precision": 0.8571428571428571,
    "recall": 1.0,
    "f1-score": 0.923076923076923,
    "support": 18
  },
  "capacity": {
    "precision": 1.0,
    "recall": 0.9523809523809523,
    "f1-score": 0.975609756097561,
    "support": 21
  },
  "city": {
    "precision": 1.0,
    "recall": 0.16666666666666666,
    "f1-score": 0.2857142857142857,
    "support": 6
  },
  "day_name": {
    "precision": 0.0,
    "recall": 0.0,
    "f1-score": 0.0,
    "support": 2
  },
  "distance": {
    "precision": 1.0,
    "recall": 0.8,
    "f1-score": 0.888888888888889,
    "support": 10
  },
  "flight": {
    "precision": 0.9672897196261683,
    "recall": 0.9825949367088608,
    "f1-score": 0.9748822605965464,
    "support": 632
  },
  "flight+airfare": {
    "precision": 1.0,
    "recall": 0.4166666666666667,
    "f1-score": 0.5882352941176471,
    "support": 12
  },
  "flight+airline": {
    "precision": 0.0,
    "recall": 0.0,
    "f1-score": 0.0,
    "support": 1
  },
  "flight_no": {
    "precision": 0.0,
    "recall": 0.0,
    "f1-score": 0.0,
    "support": 8
  },
  "flight_no+airline": {
    "precision": 0.0,
    "recall": 0.0,
    "f1-score": 0.0,
    "support": 1
  },
  "flight_time": {
    "precision": 1.0,
    "recall": 1.0,
    "f1-score": 1.0,
    "support": 1
  },
  "ground_fare": {
    "precision": 1.0,
    "recall": 0.7142857142857143,
    "f1-score": 0.8333333333333333,
    "support": 7
  },
  "ground_service": {
    "precision": 0.9473684210526315,
    "recall": 1.0,
    "f1-score": 0.972972972972973,
    "support": 36
  },
  "meal": {
    "precision": 1.0,
    "recall": 0.5,
    "f1-score": 0.6666666666666666,
    "support": 6
  },
  "quantity": {
    "precision": 0.375,
    "recall": 1.0,
    "f1-score": 0.5454545454545454,
    "support": 3
  },
  "micro avg": {
    "precision": 0.948488241881299,
    "recall": 0.948488241881299,
    "f1-score": 0.948488241881299,
    "support": 893
  },
  "macro avg": {
    "precision": 0.6779692625934663,
    "recall": 0.6200325246132208,
    "f1-score": 0.6132850799049387,
    "support": 893
  },
  "weighted avg": {
    "precision": 0.9412336941786852,
    "recall": 0.948488241881299,
    "f1-score": 0.9392219608154302,
    "support": 893
  }
}