{
  "abbreviation": {
    "precision": 0.9705882352941176,
    "recall": 1.0,
    "f1-score": 0.9850746268656716,
    "support": 33
  },
  "aircraft": {
    "precision": 0.4444444444444444,
    "recall": 0.8888888888888888,
    "f1-score": 0.5925925925925926,
    "support": 9
  },
  "airfare": {
    "precision": 0.92,
    "recall": 0.9583333333333334,
    "f1-score": 0.9387755102040817,
    "support": 48
  },
  "airfare+flight": {
    "precision": 0.0,
    "recall": 0.0,
    "f1-score": 0.0,
    "support": 1
  },
  "airline": {
    "precision": 0.95,
    "recall": 1.0,
    "f1-score": 0.9743589743589743,
    "support": 38
  },
  "airport": {
    "precision": 0.9411764705882353,
    "recall": 0.8888888888888888,
    "f1-score": 0.9142857142857143,
    "support": 18
  },
  "capacity": {
    "precision": 1.0,
    "recall": 0.5238095238095238,
    "f1-score": 0.6875000000000001,
    "support": 21
  },
  "city": {
    "precision": 0.6666666666666666,
    "recall": 0.3333333333333333,
    "f1-score": 0.4444444444444444,
    "support": 6
  },
  "day_name": {
    "precision": 0.0,
    "recall": 0.0,
    "f1-score": 0.0,
    "support": 2
  },
  "distance": {
    "precision": 1.0,
    "recall": 0.8,
    "f1-score": 0.888888888888889,
    "support": 10
  },
  "flight": {
    "precision": 0.9525267993874426,
    "recall": 0.9841772151898734,
    "f1-score": 0.9680933852140078,
    "support": 632
  },
  "flight+airfare": {
    "precision": 1.0,
    "recall": 0.16666666666666666,
    "f1-score": 0.2857142857142857,
    "support": 12
  },
  "flight+airline": {
    "precision": 0.0,
    "recall": 0.0,
    "f1-score": 0.0,
    "support": 1
  },
  "flight_no": {
    "precision": 0.0,
    "recall": 0.0,
    "f1-score": 0.0,
    "support": 8
  },
  "flight_no+airline": {
    "precision": 0.0,
    "recall": 0.0,
    "f1-score": 0.0,
    "support": 1
  },
  "flight_time": {
    "precision": 1.0,
    "recall": 1.0,
    "f1-score": 1.0,
    "support": 1
  },
  "ground_fare": {
    "precision": 1.0,
    "recall": 0.7142857142857143,
    "f1-score": 0.8333333333333333,
    "support": 7
  },
  "ground_service": {
    "precision": 0.9230769230769231,
    "recall": 1.0,
    "f1-score": 0.9600000000000001,
    "support": 36
  },
  "meal": {
    "precision": 1.0,
    "recall": 0.5,
    "f1-score": 0.6666666666666666,
    "support": 6
  },
  "quantity": {
    "precision": 0.375,
    "recall": 1.0,
    "f1-score": 0.5454545454545454,
    "support": 3
  },
  "micro avg": {
    "precision": 0.9339305711086227,
    "recall": 0.9339305711086227,
    "f1-score": 0.9339305711086227,
    "support": 893
  },
  "macro avg": {
    "precision": 0.6571739769728915,
    "recall": 0.587919178219811,
    "f1-score": 0.5842591484011603,
    "support": 893
  },
  "weighted avg": {
    "precision": 0.9301044733246663,
    "recall": 0.9339305711086227,
    "f1-score": 0.9234839281092465,
    "support": 893
  }
}