{
  "abbreviation": {
    "precision": 0.9428571428571428,
    "recall": 1.0,
    "f1-score": 0.9705882352941176,
    "support": 33
  },
  "aircraft": {
    "precision": 0.5714285714285714,
    "recall": 0.8888888888888888,
    "f1-score": 0.6956521739130435,
    "support": 9
  },
  "airfare": {
    "precision": 0.8888888888888888,
    "recall": 1.0,
    "f1-score": 0.9411764705882353,
    "support": 48
  },
  "airfare+flight": {
    "precision": 0.0,
    "recall": 0.0,
    "f1-score": 0.0,
    "support": 1
  },
  "airline": {
    "precision": 1.0,
    "recall": 0.9736842105263158,
    "f1-score": 0.9866666666666666,
    "support": 38
  },
  "airport": {
    "precision": 1.0,
    "recall": 0.8888888888888888,
    "f1-score": 0.9411764705882353,
    "support": 18
  },
  "capacity": {
    "precision": 1.0,
    "recall": 0.7619047619047619,
    "f1-score": 0.8648648648648648,
    "support": 21
  },
  "city": {
    "precision": 0.0,
    "recall": 0.0,
    "f1-score": 0.0,
    "support": 6
  },
  "day_name": {
    "precision": 0.0,
    "recall": 0.0,
    "f1-score": 0.0,
    "support": 2
  },
  "distance": {
    "precision": 1.0,
    "recall": 1.0,
    "f1-score": 1.0,
    "support": 10
  },
  "flight": {
    "precision": 0.9615384615384616,
    "recall": 0.9889240506329114,
    "f1-score": 0.9750390015600625,
    "support": 632
  },
  "flight+airfare": {
    "precision": 1.0,
    "recall": 0.25,
    "f1-score": 0.4,
    "support": 12
  },
  "flight+airline": {
    "precision": 0.0,
    "recall": 0.0,
    "f1-score": 0.0,
    "support": 1
  },
  "flight_no": {
    "precision": 1.0,
    "recall": 0.875,
    "f1-score": 0.9333333333333333,
    "support": 8
  },
  "flight_no+airline": {
    "precision": 0.0,
    "recall": 0.0,
    "f1-score": 0.0,
    "support": 1
  },
  "flight_time": {
    "precision": 1.0,
    "recall": 1.0,
    "f1-score": 1.0,
    "support": 1
  },
  "ground_fare": {
    "precision": 1.0,
    "recall": 0.7142857142857143,
    "f1-score": 0.8333333333333333,
    "support": 7
  },
  "ground_service": {
    "precision": 0.972972972972973,
    "recall": 1.0,
    "f1-score": 0.9863013698630138,
    "support": 36
  },
  "meal": {
    "precision": 0.0,
    "recall": 0.0,
    "f1-score": 0.0,
    "support": 6
  },
  "quantity": {
    "precision": 0.375,
    "recall": 1.0,
    "f1-score": 0.5454545454545454,
    "support": 3
  },
  "micro avg": {
    "precision": 0.9496080627099664,
    "recall": 0.9496080627099664,
    "f1-score": 0.9496080627099664,
    "support": 893
  },
  "macro avg": {
    "precision": 0.6356343018843019,
    "recall": 0.617078825756374,
    "f1-score": 0.6036793232729727,
    "support": 893
  },
  "weighted avg": {
    "precision": 0.9381502175175187,
    "recall": 0.9496080627099664,
    "f1-score": 0.9390047993523336,
    "support": 893
  }
}