{
  "abbreviation": {
    "precision": 0.9428571428571428,
    "recall": 1.0,
    "f1-score": 0.9705882352941176,
    "support": 33
  },
  "aircraft": {
    "precision": 0.47058823529411764,
    "recall": 0.8888888888888888,
    "f1-score": 0.6153846153846153,
    "support": 9
  },
  "airfare": {
    "precision": 0.6842105263157895,
    "recall": 0.5416666666666666,
    "f1-score": 0.6046511627906976,
    "support": 48
  },
  "airfare+flight": {
    "precision": 0.0,
    "recall": 0.0,
    "f1-score": 0.0,
    "support": 1
  },
  "airline": {
    "precision": 0.9714285714285714,
    "recall": 0.8947368421052632,
    "f1-score": 0.9315068493150684,
    "support": 38
  },
  "airport": {
    "precision": 0.9375,
    "recall": 0.8333333333333334,
    "f1-score": 0.8823529411764706,
    "support": 18
  },
  "capacity": {
    "precision": 1.0,
    "recall": 0.6190476190476191,
    "f1-score": 0.7647058823529412,
    "support": 21
  },
  "city": {
    "precision": 0.0,
    "recall": 0.0,
    "f1-score": 0.0,
    "support": 6
  },
  "day_name": {
    "precision": 0.0,
    "recall": 0.0,
    "f1-score": 0.0,
    "support": 2
  },
  "distance": {
    "precision": 0.7272727272727273,
    "recall": 0.8,
    "f1-score": 0.761904761904762,
    "support": 10
  },
  "flight": {
    "precision": 0.9160419790104948,
    "recall": 0.9667721518987342,
    "f1-score": 0.9407236335642802,
    "support": 632
  },
  "flight+airfare": {
    "precision": 1.0,
    "recall": 0.16666666666666666,
    "f1-score": 0.2857142857142857,
    "support": 12
  },
  "flight+airline": {
    "precision": 0.0,
    "recall": 0.0,
    "f1-score": 0.0,
    "support": 1
  },
  "flight_no": {
    "precision": 1.0,
    "recall": 0.625,
    "f1-score": 0.7692307692307693,
    "support": 8
  },
  "flight_no+airline": {
    "precision": 0.0,
    "recall": 0.0,
    "f1-score": 0.0,
    "support": 1
  },
  "flight_time": {
    "precision": 1.0,
    "recall": 1.0,
    "f1-score": 1.0,
    "support": 1
  },
  "ground_fare": {
    "precision": 1.0,
    "recall": 0.7142857142857143,
    "f1-score": 0.8333333333333333,
    "support": 7
  },
  "ground_service": {
    "precision": 0.9473684210526315,
    "recall": 1.0,
    "f1-score": 0.972972972972973,
    "support": 36
  },
  "meal": {
    "precision": 1.0,
    "recall": 0.3333333333333333,
    "f1-score": 0.5,
    "support": 6
  },
  "quantity": {
    "precision": 0.42857142857142855,
    "recall": 1.0,
    "f1-score": 0.6,
    "support": 3
  },
  "micro avg": {
    "precision": 0.8980963045912654,
    "recall": 0.8980963045912654,
    "f1-score": 0.8980963045912653,
    "support": 893
  },
  "macro avg": {
    "precision": 0.6512919515901452,
    "recall": 0.569186560811311,
    "f1-score": 0.5716534721517157,
    "support": 893
  },
  "weighted avg": {
    "precision": 0.8942701077943397,
    "recall": 0.8980963045912654,
    "f1-score": 0.8872662125824551,
    "support": 893
  }
}